Metal,Analyte,Metal_Thickness_nm,Theta_res_deg,FWHM_deg,Sensitivity_deg_per_RIU,Chi,Q_Factor
Ag,analyte_01,45,63.10400888140883,0.5,87.46,175.5259730363947,126.20801776281766
Ag,analyte_01,46,63.09154821180904,0.45999999999999375,87.46,190.78910112651857,137.1555395908911
...
Au,analyte_01,45,63.98268869645129,1.480000000000004,91.83,62.28056072663304,43.23154641652103
Au,analyte_01,46,63.96609774413381,1.3800000000000026,91.83,66.79364483725868,46.35224474212586
...
Cu,analyte_01,45,63.844478702291184,1.8199999999999932,91.05,50.21410014896563,35.079383902357925
Cu,analyte_01,46,63.830222885674665,1.730000000000004,91.05,52.82639437636815,36.896082592875445
...
